{"ddqn/q_overestimation":-0.07891082763671875,"episode/success_rate_100":1,"_timestamp":1.7662060478990505e+09,"_wandb":{"runtime":10401},"train/loss_raw":2.6126394271850586,"training/step_reward":56.51109732791092,"episode/success":1,"training/episode_length_running":4,"global_step":50000,"train/q_mean":41.252349853515625,"episode/total_length":4,"ddqn/value_estimate":91.69932556152344,"train/td_error":3.057633638381958,"training/episode_reward_running":136.95110335636446,"train/q_max":91.62041473388672,"training/q_value":63.170684814453125,"_step":62499,"train/q_std":46.90471267700195,"episode/total_reward":136.95110335636446,"_runtime":10401,"ddqn/q_target":91.69932556152344,"ddqn/q_policy":91.62041473388672,"episode/avg_reward_100":125.63616402434036,"training/loss":2.6126394271850586,"training/epsilon":0.010000002040542086}