{"episode/avg_reward_100":119.88024460314001,"ddqn/value_estimate":83.87770080566406,"train/q_max":85.84684753417969,"episode/success_rate_100":0.99,"ddqn/q_target":83.87770080566406,"ddqn/q_overestimation":1.969146728515625,"training/loss":2.2141716480255127,"training/episode_reward_running":27.56035707037313,"train/q_mean":30.947547912597656,"train/loss_raw":2.2141716480255127,"episode/total_reward":27.56035707037313,"episode/success":0,"training/q_value":96.80333709716797,"ddqn/q_policy":85.84684753417969,"global_step":50000,"episode/total_length":2,"train/td_error":2.6447031497955322,"_timestamp":1.7661935161139333e+09,"training/epsilon":0.010000002040542086,"training/step_reward":16.59981398068176,"training/episode_length_running":2,"_runtime":1831,"train/q_std":43.89288330078125,"_wandb":{"runtime":1831},"_step":58333}