{"_timestamp":1.768431739366627e+09,"episode/cubes_picked":6,"episode/time_saved":1.0711121020416563,"_step":8,"episode/reshuffles_performed":2,"_wandb":{"runtime":3},"global_step":54,"episode/total_reward":10.071112102041656,"episode/distance_reduced":0.5355560510208281,"_runtime":3}