{"episode/avg_reward_100":152.83348386824193,"_step":58333,"training/episode_reward_running":54.613340360189,"train/q_max":99.49136352539062,"training/step_reward":26.17480438747575,"training/episode_length_running":2,"ddqn/value_estimate":99.85210418701172,"train/td_error":3.2323145866394043,"episode/success_rate_100":0.99,"ddqn/q_target":99.85210418701172,"training/q_value":139.69512939453125,"_runtime":28690,"_timestamp":1.7662348027924278e+09,"ddqn/q_overestimation":-0.36074066162109375,"global_step":50000,"episode/total_length":2,"train/q_std":51.548500061035156,"ddqn/q_policy":99.49136352539062,"episode/total_reward":54.613340360189,"episode/success":0,"training/epsilon":0.010000002040542086,"train/q_mean":36.22858810424805,"training/loss":2.788048028945923,"train/loss_raw":2.788048028945923,"_wandb":{"runtime":28690}}