{"episode/cubes_picked":2,"episode/distance_reduced":-0.21661776197876992,"_wandb":{"runtime":77},"_step":12,"episode/reshuffles_performed":2,"global_step":50,"episode/time_saved":-0.43323552395753984,"_runtime":77,"episode/total_reward":3.06676447604246,"_timestamp":1.7684285225748882e+09}