{"episode/total_length":4,"training/loss":0.1860041618347168,"training/epsilon":0.010000002040542086,"ddqn/value_estimate":82.18630981445312,"training/episode_length_running":4,"train/q_max":82.46056365966797,"episode/success":1,"_runtime":27334,"ddqn/q_overestimation":0.27425384521484375,"_timestamp":1.7665455997219536e+09,"ddqn/q_policy":82.46056365966797,"training/episode_reward_running":99.86754366656984,"train/loss_raw":0.1860041618347168,"episode/success_rate_100":1,"training/step_reward":62.59559114389022,"_step":62499,"train/q_std":40.20197296142578,"ddqn/q_target":82.18630981445312,"episode/avg_reward_100":99.77299593365036,"episode/total_reward":99.86754366656984,"train/q_mean":35.74277877807617,"_wandb":{"runtime":27334},"train/td_error":0.5954563617706299,"global_step":50000,"training/q_value":63.100799560546875}