{"episode/time_saved":-0.5126443213223708,"_runtime":344,"episode/reshuffles_performed":3,"global_step":50,"episode/distance_reduced":-0.2563221606611854,"episode/cubes_picked":5,"_step":8,"_wandb":{"runtime":344},"_timestamp":1.7684289026787925e+09,"episode/total_reward":5.987355678677629}