{"episode/reshuffles_performed":4,"episode/distance_reduced":0.019952369615341192,"_timestamp":1.7684291848484204e+09,"episode/cubes_picked":4,"global_step":50,"_step":5,"_runtime":230,"episode/time_saved":0.039904739230682384,"_wandb":{"runtime":230},"episode/total_reward":8.039904739230682}