{"train/td_error":5.45186710357666,"episode/avg_reward_100":197.66111548422631,"ddqn/q_target":123.58502197265625,"train/q_std":66.83662414550781,"episode/total_length":5,"training/epsilon":0.010000002040542086,"training/q_value":104.81597137451172,"episode/success":0,"episode/success_rate_100":0.99,"train/q_mean":66.2376937866211,"_wandb":{"runtime":283164},"episode/total_reward":102.37552289706356,"_runtime":283164,"ddqn/value_estimate":123.58502197265625,"training/episode_reward_running":102.37552289706356,"training/step_reward":20.76634016021511,"global_step":50000,"training/episode_length_running":5,"training/loss":4.9712910652160645,"train/q_max":120.33555603027344,"_step":55555,"_timestamp":1.7665180395533543e+09,"ddqn/q_policy":120.33555603027344,"ddqn/q_overestimation":-3.2494659423828125,"train/loss_raw":4.9712910652160645}