{"episode/cubes_picked":4,"_wandb":{"runtime":19},"episode/total_reward":9.549040301741622,"episode/time_saved":0.5490403017416214,"_timestamp":1.768429271918279e+09,"global_step":50,"episode/reshuffles_performed":2,"_runtime":19,"_step":12,"episode/distance_reduced":0.2745201508708107}