{"episode/total_reward":21.218612443682588,"episode/distance_reduced":0.8593062218412933,"global_step":27,"_runtime":2,"episode/time_saved":1.7186124436825867,"episode/cubes_picked":9,"_wandb":{"runtime":2},"episode/reshuffles_performed":4,"_timestamp":1.7684317738045132e+09,"_step":2}