{"ddqn/q_target":95.96556091308594,"_timestamp":1.7665967385523376e+09,"ddqn/q_overestimation":-0.03589630126953125,"train/q_max":95.9296646118164,"episode/avg_reward_100":138.13261363507777,"training/episode_reward_running":40.098927793431756,"_step":58333,"training/episode_length_running":2,"episode/success":0,"episode/success_rate_100":0.99,"episode/total_length":2,"train/loss_raw":0.20337924361228943,"training/loss":0.20337924361228943,"global_step":50000,"_runtime":21535,"train/q_mean":31.107746124267578,"_wandb":{"runtime":21535},"ddqn/q_policy":95.9296646118164,"ddqn/value_estimate":95.96556091308594,"training/epsilon":0.010000002040542086,"train/q_std":46.349979400634766,"train/td_error":0.613510012626648,"training/step_reward":24.99175504787201,"training/q_value":119.95062255859375,"episode/total_reward":40.098927793431756}