{"training/q_value":53.013092041015625,"train/q_mean":33.40239715576172,"training/epsilon":0.010000002040542086,"_wandb":{"runtime":1605},"training/step_reward":52.697877340793866,"episode/total_length":4,"episode/avg_reward_100":103.55812276292286,"training/episode_reward_running":123.12405916196266,"_timestamp":1.7661916140911162e+09,"_runtime":1605,"ddqn/q_target":72.85604095458984,"global_step":50000,"ddqn/q_policy":73.57785034179688,"train/q_max":73.57785034179688,"training/loss":0.8243512511253357,"train/q_std":37.72553634643555,"_step":62499,"episode/total_reward":123.12405916196266,"episode/success":1,"training/episode_length_running":4,"episode/success_rate_100":1,"ddqn/value_estimate":72.85604095458984,"ddqn/q_overestimation":0.7218093872070312,"train/td_error":1.184276819229126,"train/loss_raw":0.8243512511253357}