{"_wandb":{"runtime":12},"episode/distance_reduced":0.5855628053290409,"episode/time_saved":1.1711256106580819,"global_step":52,"episode/total_reward":10.17112561065808,"episode/cubes_picked":4,"_timestamp":1.768431599243394e+09,"_runtime":12,"_step":12,"episode/reshuffles_performed":2}