model,model_type,avg_reward,std_reward,success_rate,avg_length,avg_picks,avg_duration,avg_collisions,avg_rrt_failures,avg_pick_failures,avg_successful_picks,avg_unreachable_cubes,avg_path_efficiency,avg_action_entropy,avg_unique_actions,avg_action_diversity,episodes
Custom-DDQN,ddqn,158.5516685176352,28.422073571772767,0.9444444444444444,8.5,8.5,39.13367433547974,0.0,0.0,0.5,8.5,0.5,0.0,3.0826904918448568,8.5,1.0,10
Duel-DDQN,ddqn,158.14187510335313,16.663665601249466,0.9666666666666666,8.7,8.7,25.6048965215683,0.0,0.0,0.3,8.7,0.3,0.0,3.1189474997544737,8.7,1.0,10
PER-DDQN-Light,ddqn,159.39039246430534,23.088231073978292,0.9777777777777779,8.8,8.8,20.12677161693573,0.0,0.0,0.2,8.8,0.2,0.0,3.13366799223427,8.8,1.0,10
PER-DDQN-Full,ddqn,152.7880790279461,21.622826888100544,0.9555555555555555,8.6,8.6,27.04731798171997,0.0,0.0,0.4,8.6,0.4,0.0,3.0944362499852476,8.6,1.0,10
C51-DDQN,ddqn,171.30686996507694,17.532943845074033,0.9888888888888889,8.9,8.9,10.418681955337524,0.0,0.0,0.1,8.9,0.1,0.0,3.1529325000140824,8.9,1.0,10
SAC-Discrete,pytorch,151.9070916532857,18.800861855039688,0.9555555555555555,8.6,8.6,33.835301065444945,0.0,0.0,0.4,8.6,0.4,0.0,3.099682991974661,8.6,1.0,10
PPO-Discrete,pytorch,156.96682041210218,18.022932031936854,0.9555555555555555,8.6,8.6,36.610387444496155,0.0,0.0,0.4,8.6,0.4,0.0,3.1019549996246694,8.6,1.0,10
