{"ddqn/q_target":109.51181030273438,"_wandb":{"runtime":41913},"_timestamp":1.7666409578032937e+09,"train/q_mean":51.473594665527344,"_step":55555,"training/step_reward":8.845825741219317,"episode/success":0,"training/loss":0.4622833728790283,"training/episode_reward_running":48.85238309268373,"training/epsilon":0.010000002040542086,"train/td_error":0.9351274967193604,"episode/avg_reward_100":150.2511874239136,"global_step":50000,"train/q_std":55.640743255615234,"episode/success_rate_100":0.99,"train/q_max":108.97376251220703,"episode/total_length":5,"_runtime":41913,"ddqn/value_estimate":109.51181030273438,"training/q_value":107.05400085449219,"episode/total_reward":48.85238309268373,"ddqn/q_overestimation":-0.5380477905273438,"ddqn/q_policy":108.97376251220703,"train/loss_raw":0.4622833728790283,"training/episode_length_running":5}