{"ddqn/q_policy":96.01039123535156,"global_step":50000,"training/episode_reward_running":64.46645307529617,"train/td_error":2.958942413330078,"ddqn/q_overestimation":-0.45966339111328125,"_runtime":1994,"ddqn/q_target":96.47005462646484,"episode/total_length":5,"training/loss":2.506274700164795,"episode/avg_reward_100":153.4921838131627,"training/step_reward":6.696956214841421,"episode/total_reward":64.46645307529617,"train/loss_raw":2.506274700164795,"_wandb":{"runtime":1994},"_step":55555,"_timestamp":1.7661955762183182e+09,"train/q_max":96.01039123535156,"episode/success_rate_100":0.99,"training/epsilon":0.010000002040542086,"training/episode_length_running":5,"train/q_mean":52.769866943359375,"ddqn/value_estimate":96.47005462646484,"train/q_std":52.10271453857422,"training/q_value":78.56085205078125,"episode/success":0}