{"_runtime":644,"episode/total_reward":7.870736807138945,"episode/distance_reduced":0.18536840356947215,"_timestamp":1.7684299446378298e+09,"_wandb":{"runtime":644},"episode/cubes_picked":6,"_step":8,"episode/reshuffles_performed":2,"global_step":52,"episode/time_saved":0.3707368071389443}