{"_step":5,"_timestamp":1.7684314151958704e+09,"episode/distance_reduced":0.23021443304849776,"episode/time_saved":0.4604288660969955,"_wandb":{"runtime":1349},"episode/cubes_picked":7,"global_step":51,"episode/reshuffles_performed":2,"episode/total_reward":7.960428866096995,"_runtime":1349}